date,diesel_dollars_per_gallon
2018-01-01,2.9730
2018-01-08,2.9960
2018-01-15,3.0280
2018-01-22,3.0250
2018-01-29,3.0700
2018-02-05,3.0860
2018-02-12,3.0630
2018-02-19,3.0270
2018-02-26,3.0070
2018-03-05,2.9920
2018-03-12,2.9760
2018-03-19,2.9720
2018-03-26,3.0100
2018-04-02,3.0420
2018-04-09,3.0430
2018-04-16,3.1040
2018-04-23,3.1330
2018-04-30,3.1570
2018-05-07,3.1710
2018-05-14,3.2390
2018-05-21,3.2770
2018-05-28,3.2880
2018-06-04,3.2850
2018-06-11,3.2660
2018-06-18,3.2440
2018-06-25,3.2160
2018-07-02,3.2360
2018-07-09,3.2430
2018-07-16,3.2390
2018-07-23,3.2200
2018-07-30,3.2260
2018-08-06,3.2230
2018-08-13,3.2170
2018-08-20,3.2070
2018-08-27,3.2260
2018-09-03,3.2520
2018-09-10,3.2580
2018-09-17,3.2680
2018-09-24,3.2710
2018-10-01,3.3130
2018-10-08,3.3850
2018-10-15,3.3940
2018-10-22,3.3800
2018-10-29,3.3550
2018-11-05,3.3380
2018-11-12,3.3170
2018-11-19,3.2820
2018-11-26,3.2610
2018-12-03,3.2070
2018-12-10,3.1610
2018-12-17,3.1210
2018-12-24,3.0770
2018-12-31,3.0480
2019-01-07,3.0130
2019-01-14,2.9760
2019-01-21,2.9650
2019-01-28,2.9650
2019-02-04,2.9660
2019-02-11,2.9660
2019-02-18,3.0060
2019-02-25,3.0480
2019-03-04,3.0760
2019-03-11,3.0790
2019-03-18,3.0700
2019-03-25,3.0800
2019-04-01,3.0780
2019-04-08,3.0930
2019-04-15,3.1180
2019-04-22,3.1470
2019-04-29,3.1690
2019-05-06,3.1710
2019-05-13,3.1600
2019-05-20,3.1630
2019-05-27,3.1510
2019-06-03,3.1360
2019-06-10,3.1050
2019-06-17,3.0700
2019-06-24,3.0430
2019-07-01,3.0420
2019-07-08,3.0550
2019-07-15,3.0510
2019-07-22,3.0440
2019-07-29,3.0340
2019-08-05,3.0320
2019-08-12,3.0110
2019-08-19,2.9940
2019-08-26,2.9830
2019-09-02,2.9760
2019-09-09,2.9710
2019-09-16,2.9870
2019-09-23,3.0810
2019-09-30,3.0660
2019-10-07,3.0470
2019-10-14,3.0510
2019-10-21,3.0500
2019-10-28,3.0640
2019-11-04,3.0620
2019-11-11,3.0730
2019-11-18,3.0740
2019-11-25,3.0660
2019-12-02,3.0700
2019-12-09,3.0490
2019-12-16,3.0460
2019-12-23,3.0410
2019-12-30,3.0690
2020-01-06,3.0790
2020-01-13,3.0640
2020-01-20,3.0370
2020-01-27,3.0100
2020-02-03,2.9560
2020-02-10,2.9100
2020-02-17,2.8900
2020-02-24,2.8820
2020-03-02,2.8510
2020-03-09,2.8140
2020-03-16,2.7330
2020-03-23,2.6590
2020-03-30,2.5860
2020-04-06,2.5480
2020-04-13,2.5070
2020-04-20,2.4800
2020-04-27,2.4370
2020-05-04,2.3990
2020-05-11,2.3940
2020-05-18,2.3860
2020-05-25,2.3900
2020-06-01,2.3860
2020-06-08,2.3960
2020-06-15,2.4030
2020-06-22,2.4250
2020-06-29,2.4300
2020-07-06,2.4370
2020-07-13,2.4380
2020-07-20,2.4330
2020-07-27,2.4270
2020-08-03,2.4240
2020-08-10,2.4280
2020-08-17,2.4270
2020-08-24,2.4260
2020-08-31,2.4410
2020-09-07,2.4350
2020-09-14,2.4220
2020-09-21,2.4040
2020-09-28,2.3940
2020-10-05,2.3870
2020-10-12,2.3950
2020-10-19,2.3880
2020-10-26,2.3850
2020-11-02,2.3720
2020-11-09,2.3830
2020-11-16,2.4410
2020-11-23,2.4620
2020-11-30,2.5020
2020-12-07,2.5260
2020-12-14,2.5590
2020-12-21,2.6190
2020-12-28,2.6350
2021-01-04,2.6400
2021-01-11,2.6700
2021-01-18,2.6960
2021-01-25,2.7160
2021-02-01,2.7380
2021-02-08,2.8010
2021-02-15,2.8760
2021-02-22,2.9730
2021-03-01,3.0720
2021-03-08,3.1430
2021-03-15,3.1910
2021-03-22,3.1940
2021-03-29,3.1610
2021-04-05,3.1440
2021-04-12,3.1290
2021-04-19,3.1240
2021-04-26,3.1240
2021-05-03,3.1420
2021-05-10,3.1860
2021-05-17,3.2490
2021-05-24,3.2530
2021-05-31,3.2550
2021-06-07,3.2740
2021-06-14,3.2860
2021-06-21,3.2870
2021-06-28,3.3000
2021-07-05,3.3310
2021-07-12,3.3380
2021-07-19,3.3440
2021-07-26,3.3420
2021-08-02,3.3670
2021-08-09,3.3640
2021-08-16,3.3560
2021-08-23,3.3240
2021-08-30,3.3390
2021-09-06,3.3730
2021-09-13,3.3720
2021-09-20,3.3850
2021-09-27,3.4060
2021-10-04,3.4770
2021-10-11,3.5860
2021-10-18,3.6710
2021-10-25,3.7130
2021-11-01,3.7270
2021-11-08,3.7300
2021-11-15,3.7340
2021-11-22,3.7240
2021-11-29,3.7200
2021-12-06,3.6740
2021-12-13,3.6490
2021-12-20,3.6260
2021-12-27,3.6150
2022-01-03,3.6130
2022-01-10,3.6570
2022-01-17,3.7250
2022-01-24,3.7800
2022-01-31,3.8460
2022-02-07,3.9510
2022-02-14,4.0190
2022-02-21,4.0550
2022-02-28,4.1040
2022-03-07,4.8490
2022-03-14,5.2500
2022-03-21,5.1340
2022-03-28,5.1850
2022-04-04,5.1440
2022-04-11,5.0730
2022-04-18,5.1010
2022-04-25,5.1600
2022-05-02,5.5090
2022-05-09,5.6230
2022-05-16,5.6130
2022-05-23,5.5710
2022-05-30,5.5390
2022-06-06,5.7030
2022-06-13,5.7180
2022-06-20,5.8100
2022-06-27,5.7830
2022-07-04,5.6750
2022-07-11,5.5680
2022-07-18,5.4320
2022-07-25,5.2680
2022-08-01,5.1380
2022-08-08,4.9930
2022-08-15,4.9110
2022-08-22,4.9090
2022-08-29,5.1150
2022-09-05,5.0840
2022-09-12,5.0330
2022-09-19,4.9640
2022-09-26,4.8890
2022-10-03,4.8360
2022-10-10,5.2240
2022-10-17,5.3390
2022-10-24,5.3410
2022-10-31,5.3170
2022-11-07,5.3330
2022-11-14,5.3130
2022-11-21,5.2330
2022-11-28,5.1410
2022-12-05,4.9670
2022-12-12,4.7540
2022-12-19,4.5960
2022-12-26,4.5370
2023-01-02,4.5830
2023-01-09,4.5490
2023-01-16,4.5240
2023-01-23,4.6040
2023-01-30,4.6220
2023-02-06,4.5390
2023-02-13,4.4440
2023-02-20,4.3760
2023-02-27,4.2940
2023-03-06,4.2820
2023-03-13,4.2470
2023-03-20,4.1850
2023-03-27,4.1280
2023-04-03,4.1050
2023-04-10,4.0980
2023-04-17,4.1160
2023-04-24,4.0770
2023-05-01,4.0180
2023-05-08,3.9220
2023-05-15,3.8970
2023-05-22,3.8830
2023-05-29,3.8550
2023-06-05,3.7970
2023-06-12,3.7940
2023-06-19,3.8150
2023-06-26,3.8010
2023-07-03,3.7670
2023-07-10,3.8060
2023-07-17,3.8060
2023-07-24,3.9050
2023-07-31,4.1270
2023-08-07,4.2390
2023-08-14,4.3780
2023-08-21,4.3890
2023-08-28,4.4750
2023-09-04,4.4920
2023-09-11,4.5400
2023-09-18,4.6330
2023-09-25,4.5860
2023-10-02,4.5930
2023-10-09,4.4980
2023-10-16,4.4440
2023-10-23,4.5450
2023-10-30,4.4540
2023-11-06,4.3660
2023-11-13,4.2940
2023-11-20,4.2090
2023-11-27,4.1460
2023-12-04,4.0920
2023-12-11,3.9870
2023-12-18,3.8940
2023-12-25,3.9140
2024-01-01,3.8760
2024-01-08,3.8280
2024-01-15,3.8630
2024-01-22,3.8380
2024-01-29,3.8670
2024-02-05,3.8990
2024-02-12,4.1090
2024-02-19,4.1090
2024-02-26,4.0580
2024-03-04,4.0220
2024-03-11,4.0040
2024-03-18,4.0280
2024-03-25,4.0340
2024-04-01,3.9960
2024-04-08,4.0610
2024-04-15,4.0150
2024-04-22,3.9920
2024-04-29,3.9470
2024-05-06,3.8940
2024-05-13,3.8480
2024-05-20,3.7890
2024-05-27,3.7580
2024-06-03,3.7260
2024-06-10,3.6580
2024-06-17,3.7350
2024-06-24,3.7690
2024-07-01,3.8130
2024-07-08,3.8650
2024-07-15,3.8260
2024-07-22,3.7790
2024-07-29,3.7680
2024-08-05,3.7550
2024-08-12,3.7040
2024-08-19,3.6880
2024-08-26,3.6510
2024-09-02,3.6250
2024-09-09,3.5550
2024-09-16,3.5260
2024-09-23,3.5390
2024-09-30,3.5440
2024-10-07,3.5840
2024-10-14,3.6310
2024-10-21,3.5530
2024-10-28,3.5730
2024-11-04,3.5360
2024-11-11,3.5210
2024-11-18,3.4910
2024-11-25,3.5390
2024-12-02,3.5400
2024-12-09,3.4580
2024-12-16,3.4940
2024-12-23,3.4760
2024-12-30,3.5030
2025-01-06,3.5610
2025-01-13,3.6020
2025-01-20,3.7150
2025-01-27,3.6590
2025-02-03,3.6600
2025-02-10,3.6650
2025-02-17,3.6770
2025-02-24,3.6970
2025-03-03,3.6350
2025-03-10,3.5820
2025-03-17,3.5490
2025-03-24,3.5670
2025-03-31,3.5920
2025-04-07,3.6390
2025-04-14,3.5790
2025-04-21,3.5340
2025-04-28,3.5140
2025-05-05,3.4970
2025-05-12,3.4760
2025-05-19,3.5360
2025-05-26,3.4870
2025-06-02,3.4510
2025-06-09,3.4710
2025-06-16,3.5710
2025-06-23,3.7750
2025-06-30,3.7270
2025-07-07,3.7390
2025-07-14,3.7580
2025-07-21,3.8120
2025-07-28,3.8050
2025-08-04,3.8000
2025-08-11,3.7540
2025-08-18,3.7130
2025-08-25,3.7080
2025-09-01,3.7340
2025-09-08,3.7660
2025-09-15,3.7390
2025-09-22,3.7490
2025-09-29,3.7540
2025-10-06,3.7110
2025-10-13,3.6650
2025-10-20,3.6200
2025-10-27,3.7180
2025-11-03,3.7530
2025-11-10,3.8370
2025-11-17,3.8680
2025-11-24,3.8310
2025-12-01,3.7580
2025-12-08,3.6650
2025-12-15,3.6070
2025-12-22,3.5440
2025-12-29,3.5000
2026-01-05,3.4770
2026-01-12,3.4590
2026-01-19,3.5300
2026-01-26,3.6240
2026-02-02,3.6810
2026-02-09,3.6880
2026-02-16,3.7110
2026-02-23,3.8090
2026-03-02,3.8970
2026-03-09,4.8590
